Year,Month,Region,Category,Monthly_Cost_LKR
2019,1,Colombo,Food,25183.99
2019,1,Colombo,Transport,8339.59
2019,1,Colombo,Housing,46310.78
2019,1,Colombo,Healthcare,12252.1
2019,1,Colombo,Education,14910.77
2019,1,Colombo,Utilities,5964.3
2019,2,Colombo,Food,24969.42
2019,2,Colombo,Transport,8388.18
2019,2,Colombo,Housing,46449.24
2019,2,Colombo,Healthcare,12465.47
2019,2,Colombo,Education,14947.03
2019,2,Colombo,Utilities,6329.45
2019,3,Colombo,Food,26263.62
2019,3,Colombo,Transport,8097.78
2019,3,Colombo,Housing,45465.16
2019,3,Colombo,Healthcare,12125.21
2019,3,Colombo,Education,15268.53
2019,3,Colombo,Utilities,6189.18
2019,4,Colombo,Food,25544.78
2019,4,Colombo,Transport,8105.03
2019,4,Colombo,Housing,46478.98
2019,4,Colombo,Healthcare,12045.46
2019,4,Colombo,Education,15197.78
2019,4,Colombo,Utilities,6106.52
2019,5,Colombo,Food,25308.12
2019,5,Colombo,Transport,8258.94
2019,5,Colombo,Housing,44851.96
2019,5,Colombo,Healthcare,12190.4
2019,5,Colombo,Education,15309.42
2019,5,Colombo,Utilities,5924.27
2019,6,Colombo,Food,25161.32
2019,6,Colombo,Transport,7841.85
2019,6,Colombo,Housing,43825.64
2019,6,Colombo,Healthcare,12323.2
2019,6,Colombo,Education,15419.07
2019,6,Colombo,Utilities,6111.02
2019,7,Colombo,Food,24336.32
2019,7,Colombo,Transport,7689.78
2019,7,Colombo,Housing,44814.97
2019,7,Colombo,Healthcare,11777.56
2019,7,Colombo,Education,14439.94
2019,7,Colombo,Utilities,5908.29
2019,8,Colombo,Food,23670.21
2019,8,Colombo,Transport,7983.52
2019,8,Colombo,Housing,43196.49
2019,8,Colombo,Healthcare,11802.21
2019,8,Colombo,Education,14445.23
2019,8,Colombo,Utilities,5851.15
2019,9,Colombo,Food,24317.96
2019,9,Colombo,Transport,7613.27
2019,9,Colombo,Housing,44879.84
2019,9,Colombo,Healthcare,11832.15
2019,9,Colombo,Education,14933.68
2019,9,Colombo,Utilities,5957.87
2019,10,Colombo,Food,24493.52
2019,10,Colombo,Transport,7989.39
2019,10,Colombo,Housing,42748.66
2019,10,Colombo,Healthcare,11475.03
2019,10,Colombo,Education,14211.63
2019,10,Colombo,Utilities,5782.87
2019,11,Colombo,Food,24460.52
2019,11,Colombo,Transport,7771.89
2019,11,Colombo,Housing,45199.28
2019,11,Colombo,Healthcare,11718.41
2019,11,Colombo,Education,14580.8
2019,11,Colombo,Utilities,5925.14
2019,12,Colombo,Food,24461.39
2019,12,Colombo,Transport,8145.05
2019,12,Colombo,Housing,43851.29
2019,12,Colombo,Healthcare,12350.56
2019,12,Colombo,Education,15245.02
2019,12,Colombo,Utilities,5891.54
2020,1,Colombo,Food,26099.49
2020,1,Colombo,Transport,8770.11
2020,1,Colombo,Housing,49016.41
2020,1,Colombo,Healthcare,13088.2
2020,1,Colombo,Education,16401.17
2020,1,Colombo,Utilities,6290.42
2020,2,Colombo,Food,26957.6
2020,2,Colombo,Transport,8499.79
2020,2,Colombo,Housing,50005.48
2020,2,Colombo,Healthcare,13147.02
2020,2,Colombo,Education,16147.58
2020,2,Colombo,Utilities,6354.36
2020,3,Colombo,Food,26985.45
2020,3,Colombo,Transport,8642.78
2020,3,Colombo,Housing,49807.85
2020,3,Colombo,Healthcare,13209.73
2020,3,Colombo,Education,16757.48
2020,3,Colombo,Utilities,6539.88
2020,4,Colombo,Food,26567.93
2020,4,Colombo,Transport,8811.63
2020,4,Colombo,Housing,49705.04
2020,4,Colombo,Healthcare,13098.46
2020,4,Colombo,Education,16578.31
2020,4,Colombo,Utilities,6522.81
2020,5,Colombo,Food,26934.19
2020,5,Colombo,Transport,8569.78
2020,5,Colombo,Housing,47036.88
2020,5,Colombo,Healthcare,12607.05
2020,5,Colombo,Education,15684.78
2020,5,Colombo,Utilities,6508.24
2020,6,Colombo,Food,26204.83
2020,6,Colombo,Transport,8484.36
2020,6,Colombo,Housing,48866.46
2020,6,Colombo,Healthcare,12528.66
2020,6,Colombo,Education,15814.51
2020,6,Colombo,Utilities,6457.52
2020,7,Colombo,Food,25677.76
2020,7,Colombo,Transport,8140.8
2020,7,Colombo,Housing,46391.79
2020,7,Colombo,Healthcare,12274.52
2020,7,Colombo,Education,16065.28
2020,7,Colombo,Utilities,6380.42
2020,8,Colombo,Food,26018.11
2020,8,Colombo,Transport,8443.77
2020,8,Colombo,Housing,47307.25
2020,8,Colombo,Healthcare,12156.53
2020,8,Colombo,Education,15851.68
2020,8,Colombo,Utilities,6209.39
2020,9,Colombo,Food,26179.16
2020,9,Colombo,Transport,8421.09
2020,9,Colombo,Housing,45763.75
2020,9,Colombo,Healthcare,12049.72
2020,9,Colombo,Education,15171.24
2020,9,Colombo,Utilities,6142.22
2020,10,Colombo,Food,26304.02
2020,10,Colombo,Transport,8438.45
2020,10,Colombo,Housing,45086.28
2020,10,Colombo,Healthcare,12397.51
2020,10,Colombo,Education,15410.16
2020,10,Colombo,Utilities,6091.47
2020,11,Colombo,Food,25507.15
2020,11,Colombo,Transport,8271.42
2020,11,Colombo,Housing,48233.09
2020,11,Colombo,Healthcare,12396.29
2020,11,Colombo,Education,15679.16
2020,11,Colombo,Utilities,6340.91
2020,12,Colombo,Food,26283.17
2020,12,Colombo,Transport,8720.04
2020,12,Colombo,Housing,49023.52
2020,12,Colombo,Healthcare,12530.56
2020,12,Colombo,Education,15897.38
2020,12,Colombo,Utilities,6284.02
2021,1,Colombo,Food,28053.11
2021,1,Colombo,Transport,8841.7
2021,1,Colombo,Housing,51492.29
2021,1,Colombo,Healthcare,13643.79
2021,1,Colombo,Education,16593.11
2021,1,Colombo,Utilities,6730.21
2021,2,Colombo,Food,29431.17
2021,2,Colombo,Transport,9049.14
2021,2,Colombo,Housing,50607.69
2021,2,Colombo,Healthcare,13780.46
2021,2,Colombo,Education,17738.73
2021,2,Colombo,Utilities,6787.89
2021,3,Colombo,Food,29137.86
2021,3,Colombo,Transport,9373.67
2021,3,Colombo,Housing,51094.81
2021,3,Colombo,Healthcare,14032.75
2021,3,Colombo,Education,17166.73
2021,3,Colombo,Utilities,6976.55
2021,4,Colombo,Food,28957.62
2021,4,Colombo,Transport,9212.52
2021,4,Colombo,Housing,50438.28
2021,4,Colombo,Healthcare,14066.59
2021,4,Colombo,Education,17051.13
2021,4,Colombo,Utilities,6764.91
2021,5,Colombo,Food,27636.93
2021,5,Colombo,Transport,9144.0
2021,5,Colombo,Housing,51701.01
2021,5,Colombo,Healthcare,13245.93
2021,5,Colombo,Education,17064.37
2021,5,Colombo,Utilities,6708.87
2021,6,Colombo,Food,28243.89
2021,6,Colombo,Transport,8784.94
2021,6,Colombo,Housing,50977.4
2021,6,Colombo,Healthcare,13348.66
2021,6,Colombo,Education,17240.22
2021,6,Colombo,Utilities,6573.85
2021,7,Colombo,Food,27317.0
2021,7,Colombo,Transport,8620.92
2021,7,Colombo,Housing,50909.01
2021,7,Colombo,Healthcare,13538.12
2021,7,Colombo,Education,16307.67
2021,7,Colombo,Utilities,6682.74
2021,8,Colombo,Food,27791.63
2021,8,Colombo,Transport,8756.12
2021,8,Colombo,Housing,49177.9
2021,8,Colombo,Healthcare,12888.06
2021,8,Colombo,Education,15964.03
2021,8,Colombo,Utilities,6701.41
2021,9,Colombo,Food,27812.52
2021,9,Colombo,Transport,8760.61
2021,9,Colombo,Housing,48415.83
2021,9,Colombo,Healthcare,12918.85
2021,9,Colombo,Education,16516.93
2021,9,Colombo,Utilities,6673.71
2021,10,Colombo,Food,27905.95
2021,10,Colombo,Transport,8873.76
2021,10,Colombo,Housing,49508.91
2021,10,Colombo,Healthcare,12764.18
2021,10,Colombo,Education,16031.31
2021,10,Colombo,Utilities,6701.93
2021,11,Colombo,Food,27756.12
2021,11,Colombo,Transport,8565.7
2021,11,Colombo,Housing,48456.93
2021,11,Colombo,Healthcare,13368.27
2021,11,Colombo,Education,16056.59
2021,11,Colombo,Utilities,6484.49
2021,12,Colombo,Food,28081.87
2021,12,Colombo,Transport,9063.16
2021,12,Colombo,Housing,50859.53
2021,12,Colombo,Healthcare,13217.65
2021,12,Colombo,Education,17013.88
2021,12,Colombo,Utilities,6614.06
2022,1,Colombo,Food,36408.3
2022,1,Colombo,Transport,11948.13
2022,1,Colombo,Housing,66823.35
2022,1,Colombo,Healthcare,18031.06
2022,1,Colombo,Education,22285.02
2022,1,Colombo,Utilities,8866.69
2022,2,Colombo,Food,36285.08
2022,2,Colombo,Transport,11806.91
2022,2,Colombo,Housing,66002.13
2022,2,Colombo,Healthcare,17577.85
2022,2,Colombo,Education,22948.4
2022,2,Colombo,Utilities,8868.78
2022,3,Colombo,Food,38215.78
2022,3,Colombo,Transport,12042.01
2022,3,Colombo,Housing,68396.31
2022,3,Colombo,Healthcare,17924.84
2022,3,Colombo,Education,22505.87
2022,3,Colombo,Utilities,8956.98
2022,4,Colombo,Food,36511.73
2022,4,Colombo,Transport,12060.23
2022,4,Colombo,Housing,66064.67
2022,4,Colombo,Healthcare,17342.55
2022,4,Colombo,Education,22509.86
2022,4,Colombo,Utilities,8753.11
2022,5,Colombo,Food,37766.12
2022,5,Colombo,Transport,12094.67
2022,5,Colombo,Housing,67877.31
2022,5,Colombo,Healthcare,17523.41
2022,5,Colombo,Education,21434.44
2022,5,Colombo,Utilities,9057.44
2022,6,Colombo,Food,36093.8
2022,6,Colombo,Transport,11924.79
2022,6,Colombo,Housing,67065.07
2022,6,Colombo,Healthcare,17768.54
2022,6,Colombo,Education,21481.76
2022,6,Colombo,Utilities,8640.02
2022,7,Colombo,Food,36458.52
2022,7,Colombo,Transport,11300.49
2022,7,Colombo,Housing,62996.72
2022,7,Colombo,Healthcare,17197.41
2022,7,Colombo,Education,21984.39
2022,7,Colombo,Utilities,8670.29
2022,8,Colombo,Food,35456.62
2022,8,Colombo,Transport,11025.54
2022,8,Colombo,Housing,63993.31
2022,8,Colombo,Healthcare,17446.26
2022,8,Colombo,Education,20727.43
2022,8,Colombo,Utilities,8483.29
2022,9,Colombo,Food,35958.66
2022,9,Colombo,Transport,11414.55
2022,9,Colombo,Housing,64040.68
2022,9,Colombo,Healthcare,17083.05
2022,9,Colombo,Education,20919.64
2022,9,Colombo,Utilities,8334.49
2022,10,Colombo,Food,35963.58
2022,10,Colombo,Transport,11508.85
2022,10,Colombo,Housing,64954.51
2022,10,Colombo,Healthcare,17368.15
2022,10,Colombo,Education,21199.34
2022,10,Colombo,Utilities,8474.74
2022,11,Colombo,Food,36345.31
2022,11,Colombo,Transport,11528.81
2022,11,Colombo,Housing,65050.09
2022,11,Colombo,Healthcare,17443.18
2022,11,Colombo,Education,21925.07
2022,11,Colombo,Utilities,8486.2
2022,12,Colombo,Food,35979.39
2022,12,Colombo,Transport,11317.41
2022,12,Colombo,Housing,65556.47
2022,12,Colombo,Healthcare,16915.52
2022,12,Colombo,Education,21705.11
2022,12,Colombo,Utilities,8722.26
2023,1,Colombo,Food,42084.02
2023,1,Colombo,Transport,13715.95
2023,1,Colombo,Housing,74572.4
2023,1,Colombo,Healthcare,19894.38
2023,1,Colombo,Education,26073.09
2023,1,Colombo,Utilities,10145.37
2023,2,Colombo,Food,42126.97
2023,2,Colombo,Transport,13807.58
2023,2,Colombo,Housing,78820.65
2023,2,Colombo,Healthcare,20331.1
2023,2,Colombo,Education,26045.35
2023,2,Colombo,Utilities,10084.59
2023,3,Colombo,Food,42096.35
2023,3,Colombo,Transport,13869.24
2023,3,Colombo,Housing,78057.85
2023,3,Colombo,Healthcare,20936.02
2023,3,Colombo,Education,26308.11
2023,3,Colombo,Utilities,10678.83
2023,4,Colombo,Food,43133.34
2023,4,Colombo,Transport,13642.7
2023,4,Colombo,Housing,78937.9
2023,4,Colombo,Healthcare,20399.37
2023,4,Colombo,Education,25760.04
2023,4,Colombo,Utilities,10080.31
2023,5,Colombo,Food,41415.94
2023,5,Colombo,Transport,14020.28
2023,5,Colombo,Housing,78280.87
2023,5,Colombo,Healthcare,20703.01
2023,5,Colombo,Education,25438.27
2023,5,Colombo,Utilities,10030.64
2023,6,Colombo,Food,41134.22
2023,6,Colombo,Transport,13238.6
2023,6,Colombo,Housing,75823.29
2023,6,Colombo,Healthcare,20419.58
2023,6,Colombo,Education,25442.22
2023,6,Colombo,Utilities,9946.9
2023,7,Colombo,Food,42499.07
2023,7,Colombo,Transport,13427.36
2023,7,Colombo,Housing,74708.85
2023,7,Colombo,Healthcare,19990.71
2023,7,Colombo,Education,24702.26
2023,7,Colombo,Utilities,9778.52
2023,8,Colombo,Food,40555.29
2023,8,Colombo,Transport,13293.34
2023,8,Colombo,Housing,71490.37
2023,8,Colombo,Healthcare,19183.89
2023,8,Colombo,Education,23876.68
2023,8,Colombo,Utilities,9547.56
2023,9,Colombo,Food,41608.89
2023,9,Colombo,Transport,13196.1
2023,9,Colombo,Housing,73218.37
2023,9,Colombo,Healthcare,19083.33
2023,9,Colombo,Education,24431.7
2023,9,Colombo,Utilities,9762.04
2023,10,Colombo,Food,40106.67
2023,10,Colombo,Transport,13038.86
2023,10,Colombo,Housing,73187.43
2023,10,Colombo,Healthcare,19772.72
2023,10,Colombo,Education,24744.24
2023,10,Colombo,Utilities,9550.26
2023,11,Colombo,Food,41058.76
2023,11,Colombo,Transport,13338.37
2023,11,Colombo,Housing,74480.01
2023,11,Colombo,Healthcare,20282.34
2023,11,Colombo,Education,25058.35
2023,11,Colombo,Utilities,9728.0
2023,12,Colombo,Food,40917.83
2023,12,Colombo,Transport,13554.85
2023,12,Colombo,Housing,73452.26
2023,12,Colombo,Healthcare,20263.75
2023,12,Colombo,Education,25865.63
2023,12,Colombo,Utilities,10125.65
2024,1,Colombo,Food,44108.29
2024,1,Colombo,Transport,14332.17
2024,1,Colombo,Housing,79731.04
2024,1,Colombo,Healthcare,21373.34
2024,1,Colombo,Education,27349.49
2024,1,Colombo,Utilities,10584.67
2024,2,Colombo,Food,46128.74
2024,2,Colombo,Transport,14713.07
2024,2,Colombo,Housing,79321.25
2024,2,Colombo,Healthcare,20988.89
2024,2,Colombo,Education,26286.88
2024,2,Colombo,Utilities,10461.39
2024,3,Colombo,Food,43965.98
2024,3,Colombo,Transport,14578.34
2024,3,Colombo,Housing,79025.58
2024,3,Colombo,Healthcare,21395.07
2024,3,Colombo,Education,27596.97
2024,3,Colombo,Utilities,10505.65
2024,4,Colombo,Food,45733.58
2024,4,Colombo,Transport,14175.73
2024,4,Colombo,Housing,78944.94
2024,4,Colombo,Healthcare,21799.93
2024,4,Colombo,Education,27140.36
2024,4,Colombo,Utilities,11016.78
2024,5,Colombo,Food,45032.57
2024,5,Colombo,Transport,14468.75
2024,5,Colombo,Housing,78885.92
2024,5,Colombo,Healthcare,20902.48
2024,5,Colombo,Education,27044.39
2024,5,Colombo,Utilities,10853.71
2024,6,Colombo,Food,45037.58
2024,6,Colombo,Transport,13926.6
2024,6,Colombo,Housing,78145.29
2024,6,Colombo,Healthcare,21348.28
2024,6,Colombo,Education,25999.27
2024,6,Colombo,Utilities,10771.38
2024,7,Colombo,Food,44020.47
2024,7,Colombo,Transport,13731.25
2024,7,Colombo,Housing,78736.34
2024,7,Colombo,Healthcare,21000.91
2024,7,Colombo,Education,25240.55
2024,7,Colombo,Utilities,10592.3
2024,8,Colombo,Food,42626.77
2024,8,Colombo,Transport,13903.37
2024,8,Colombo,Housing,75875.84
2024,8,Colombo,Healthcare,20939.82
2024,8,Colombo,Education,25398.03
2024,8,Colombo,Utilities,9927.04
2024,9,Colombo,Food,43469.7
2024,9,Colombo,Transport,13246.98
2024,9,Colombo,Housing,75559.37
2024,9,Colombo,Healthcare,20920.07
2024,9,Colombo,Education,26150.92
2024,9,Colombo,Utilities,10229.88
2024,10,Colombo,Food,42950.42
2024,10,Colombo,Transport,13594.09
2024,10,Colombo,Housing,75752.32
2024,10,Colombo,Healthcare,20244.13
2024,10,Colombo,Education,25832.66
2024,10,Colombo,Utilities,10382.07
2024,11,Colombo,Food,43847.66
2024,11,Colombo,Transport,14029.63
2024,11,Colombo,Housing,75666.17
2024,11,Colombo,Healthcare,20678.08
2024,11,Colombo,Education,25169.86
2024,11,Colombo,Utilities,10373.24
2024,12,Colombo,Food,43596.52
2024,12,Colombo,Transport,14325.67
2024,12,Colombo,Housing,78045.57
2024,12,Colombo,Healthcare,20517.5
2024,12,Colombo,Education,25687.71
2024,12,Colombo,Utilities,10664.75
2019,1,Kandy,Food,22488.39
2019,1,Kandy,Transport,6934.96
2019,1,Kandy,Housing,31669.51
2019,1,Kandy,Healthcare,10272.39
2019,1,Kandy,Education,11867.78
2019,1,Kandy,Utilities,5173.01
2019,2,Kandy,Food,22850.89
2019,2,Kandy,Transport,7001.46
2019,2,Kandy,Housing,32013.56
2019,2,Kandy,Healthcare,10559.38
2019,2,Kandy,Education,12218.89
2019,2,Kandy,Utilities,5090.09
2019,3,Kandy,Food,23085.28
2019,3,Kandy,Transport,7403.48
2019,3,Kandy,Housing,33921.12
2019,3,Kandy,Healthcare,10456.59
2019,3,Kandy,Education,12268.23
2019,3,Kandy,Utilities,5021.3
2019,4,Kandy,Food,22946.92
2019,4,Kandy,Transport,7207.03
2019,4,Kandy,Housing,32682.11
2019,4,Kandy,Healthcare,10509.95
2019,4,Kandy,Education,12024.56
2019,4,Kandy,Utilities,5127.63
2019,5,Kandy,Food,21675.31
2019,5,Kandy,Transport,7091.64
2019,5,Kandy,Housing,31615.32
2019,5,Kandy,Healthcare,9917.86
2019,5,Kandy,Education,11900.49
2019,5,Kandy,Utilities,5120.43
2019,6,Kandy,Food,22324.78
2019,6,Kandy,Transport,7035.01
2019,6,Kandy,Housing,32887.37
2019,6,Kandy,Healthcare,9924.92
2019,6,Kandy,Education,11845.71
2019,6,Kandy,Utilities,5110.58
2019,7,Kandy,Food,21310.62
2019,7,Kandy,Transport,7086.64
2019,7,Kandy,Housing,30597.39
2019,7,Kandy,Healthcare,10127.7
2019,7,Kandy,Education,11496.01
2019,7,Kandy,Utilities,5040.58
2019,8,Kandy,Food,21464.04
2019,8,Kandy,Transport,7019.8
2019,8,Kandy,Housing,30371.57
2019,8,Kandy,Healthcare,9771.67
2019,8,Kandy,Education,12017.35
2019,8,Kandy,Utilities,4876.85
2019,9,Kandy,Food,21505.68
2019,9,Kandy,Transport,6869.75
2019,9,Kandy,Housing,30955.34
2019,9,Kandy,Healthcare,9774.24
2019,9,Kandy,Education,11698.89
2019,9,Kandy,Utilities,4966.74
2019,10,Kandy,Food,20844.0
2019,10,Kandy,Transport,6728.53
2019,10,Kandy,Housing,32010.94
2019,10,Kandy,Healthcare,9968.27
2019,10,Kandy,Education,11657.13
2019,10,Kandy,Utilities,4905.2
2019,11,Kandy,Food,21380.55
2019,11,Kandy,Transport,6765.98
2019,11,Kandy,Housing,31451.35
2019,11,Kandy,Healthcare,9763.33
2019,11,Kandy,Education,11879.33
2019,11,Kandy,Utilities,4800.22
2019,12,Kandy,Food,22626.2
2019,12,Kandy,Transport,7204.21
2019,12,Kandy,Housing,32380.47
2019,12,Kandy,Healthcare,10021.66
2019,12,Kandy,Education,11862.86
2019,12,Kandy,Utilities,5094.14
2020,1,Kandy,Food,23932.15
2020,1,Kandy,Transport,7378.84
2020,1,Kandy,Housing,35277.66
2020,1,Kandy,Healthcare,10967.21
2020,1,Kandy,Education,13259.24
2020,1,Kandy,Utilities,5452.36
2020,2,Kandy,Food,24088.68
2020,2,Kandy,Transport,7575.43
2020,2,Kandy,Housing,35704.84
2020,2,Kandy,Healthcare,11114.26
2020,2,Kandy,Education,12694.37
2020,2,Kandy,Utilities,5283.17
2020,3,Kandy,Food,23841.56
2020,3,Kandy,Transport,7785.01
2020,3,Kandy,Housing,35959.06
2020,3,Kandy,Healthcare,10689.0
2020,3,Kandy,Education,13175.6
2020,3,Kandy,Utilities,5419.99
2020,4,Kandy,Food,24600.46
2020,4,Kandy,Transport,7769.05
2020,4,Kandy,Housing,35507.72
2020,4,Kandy,Healthcare,10854.97
2020,4,Kandy,Education,12983.78
2020,4,Kandy,Utilities,5363.77
2020,5,Kandy,Food,23039.77
2020,5,Kandy,Transport,7696.11
2020,5,Kandy,Housing,35075.17
2020,5,Kandy,Healthcare,11081.59
2020,5,Kandy,Education,13295.52
2020,5,Kandy,Utilities,5397.39
2020,6,Kandy,Food,23696.37
2020,6,Kandy,Transport,7618.01
2020,6,Kandy,Housing,34631.6
2020,6,Kandy,Healthcare,10439.31
2020,6,Kandy,Education,12682.26
2020,6,Kandy,Utilities,5182.07
2020,7,Kandy,Food,23595.98
2020,7,Kandy,Transport,7355.26
2020,7,Kandy,Housing,32867.22
2020,7,Kandy,Healthcare,10548.56
2020,7,Kandy,Education,12618.0
2020,7,Kandy,Utilities,5176.07
2020,8,Kandy,Food,22187.47
2020,8,Kandy,Transport,7301.62
2020,8,Kandy,Housing,33078.99
2020,8,Kandy,Healthcare,10493.3
2020,8,Kandy,Education,12404.51
2020,8,Kandy,Utilities,5271.39
2020,9,Kandy,Food,22690.85
2020,9,Kandy,Transport,7223.72
2020,9,Kandy,Housing,33645.97
2020,9,Kandy,Healthcare,10222.46
2020,9,Kandy,Education,12067.46
2020,9,Kandy,Utilities,4995.65
2020,10,Kandy,Food,23061.84
2020,10,Kandy,Transport,7279.39
2020,10,Kandy,Housing,33443.28
2020,10,Kandy,Healthcare,10146.79
2020,10,Kandy,Education,12119.21
2020,10,Kandy,Utilities,5011.94
2020,11,Kandy,Food,22764.28
2020,11,Kandy,Transport,7348.13
2020,11,Kandy,Housing,33195.18
2020,11,Kandy,Healthcare,10401.83
2020,11,Kandy,Education,12833.03
2020,11,Kandy,Utilities,5172.97
2020,12,Kandy,Food,23339.57
2020,12,Kandy,Transport,7546.28
2020,12,Kandy,Housing,33709.44
2020,12,Kandy,Healthcare,10677.65
2020,12,Kandy,Education,12996.56
2020,12,Kandy,Utilities,5442.95
2021,1,Kandy,Food,24480.01
2021,1,Kandy,Transport,8161.28
2021,1,Kandy,Housing,36360.39
2021,1,Kandy,Healthcare,11203.1
2021,1,Kandy,Education,13608.15
2021,1,Kandy,Utilities,5847.71
2021,2,Kandy,Food,25268.97
2021,2,Kandy,Transport,7961.04
2021,2,Kandy,Housing,37065.47
2021,2,Kandy,Healthcare,11311.83
2021,2,Kandy,Education,13438.27
2021,2,Kandy,Utilities,5617.56
2021,3,Kandy,Food,24812.81
2021,3,Kandy,Transport,7906.54
2021,3,Kandy,Housing,36115.23
2021,3,Kandy,Healthcare,11633.51
2021,3,Kandy,Education,13578.97
2021,3,Kandy,Utilities,5714.59
2021,4,Kandy,Food,25882.02
2021,4,Kandy,Transport,8031.12
2021,4,Kandy,Housing,37140.83
2021,4,Kandy,Healthcare,11265.06
2021,4,Kandy,Education,13534.6
2021,4,Kandy,Utilities,5587.22
2021,5,Kandy,Food,24512.81
2021,5,Kandy,Transport,7851.89
2021,5,Kandy,Housing,35672.62
2021,5,Kandy,Healthcare,11087.46
2021,5,Kandy,Education,13331.09
2021,5,Kandy,Utilities,5670.62
2021,6,Kandy,Food,24205.84
2021,6,Kandy,Transport,7776.15
2021,6,Kandy,Housing,35847.35
2021,6,Kandy,Healthcare,11327.95
2021,6,Kandy,Education,13068.5
2021,6,Kandy,Utilities,5700.6
2021,7,Kandy,Food,24456.65
2021,7,Kandy,Transport,7528.61
2021,7,Kandy,Housing,36093.69
2021,7,Kandy,Healthcare,11310.58
2021,7,Kandy,Education,12889.76
2021,7,Kandy,Utilities,5442.16
2021,8,Kandy,Food,24440.76
2021,8,Kandy,Transport,7750.06
2021,8,Kandy,Housing,34248.07
2021,8,Kandy,Healthcare,10718.77
2021,8,Kandy,Education,12989.08
2021,8,Kandy,Utilities,5449.44
2021,9,Kandy,Food,24070.38
2021,9,Kandy,Transport,7544.99
2021,9,Kandy,Housing,34686.65
2021,9,Kandy,Healthcare,11025.31
2021,9,Kandy,Education,12674.39
2021,9,Kandy,Utilities,5351.31
2021,10,Kandy,Food,24307.06
2021,10,Kandy,Transport,7817.39
2021,10,Kandy,Housing,34933.31
2021,10,Kandy,Healthcare,10930.04
2021,10,Kandy,Education,12782.27
2021,10,Kandy,Utilities,5437.3
2021,11,Kandy,Food,24317.9
2021,11,Kandy,Transport,7603.08
2021,11,Kandy,Housing,34813.62
2021,11,Kandy,Healthcare,10950.77
2021,11,Kandy,Education,12857.19
2021,11,Kandy,Utilities,5457.12
2021,12,Kandy,Food,24213.4
2021,12,Kandy,Transport,7758.85
2021,12,Kandy,Housing,35022.34
2021,12,Kandy,Healthcare,11462.43
2021,12,Kandy,Education,13515.47
2021,12,Kandy,Utilities,5660.18
2022,1,Kandy,Food,32940.28
2022,1,Kandy,Transport,10301.29
2022,1,Kandy,Housing,45928.74
2022,1,Kandy,Healthcare,14750.27
2022,1,Kandy,Education,17753.02
2022,1,Kandy,Utilities,7467.12
2022,2,Kandy,Food,32594.58
2022,2,Kandy,Transport,10181.01
2022,2,Kandy,Housing,46987.9
2022,2,Kandy,Healthcare,14754.51
2022,2,Kandy,Education,18008.36
2022,2,Kandy,Utilities,7469.95
2022,3,Kandy,Food,32573.31
2022,3,Kandy,Transport,10759.68
2022,3,Kandy,Housing,48095.31
2022,3,Kandy,Healthcare,14699.53
2022,3,Kandy,Education,17493.79
2022,3,Kandy,Utilities,7311.96
2022,4,Kandy,Food,32229.92
2022,4,Kandy,Transport,10201.69
2022,4,Kandy,Housing,46710.24
2022,4,Kandy,Healthcare,14684.9
2022,4,Kandy,Education,17502.21
2022,4,Kandy,Utilities,7615.44
2022,5,Kandy,Food,31563.02
2022,5,Kandy,Transport,10317.4
2022,5,Kandy,Housing,46842.8
2022,5,Kandy,Healthcare,15143.46
2022,5,Kandy,Education,17249.89
2022,5,Kandy,Utilities,7313.65
2022,6,Kandy,Food,32798.57
2022,6,Kandy,Transport,10372.59
2022,6,Kandy,Housing,47282.73
2022,6,Kandy,Healthcare,14289.38
2022,6,Kandy,Education,17056.41
2022,6,Kandy,Utilities,7323.36
2022,7,Kandy,Food,32231.0
2022,7,Kandy,Transport,10031.8
2022,7,Kandy,Housing,45900.38
2022,7,Kandy,Healthcare,14093.95
2022,7,Kandy,Education,17416.13
2022,7,Kandy,Utilities,7007.16
2022,8,Kandy,Food,30742.5
2022,8,Kandy,Transport,9842.07
2022,8,Kandy,Housing,45215.13
2022,8,Kandy,Healthcare,13905.0
2022,8,Kandy,Education,16556.27
2022,8,Kandy,Utilities,7108.51
2022,9,Kandy,Food,30550.58
2022,9,Kandy,Transport,9893.49
2022,9,Kandy,Housing,44074.61
2022,9,Kandy,Healthcare,14049.08
2022,9,Kandy,Education,16911.0
2022,9,Kandy,Utilities,6843.39
2022,10,Kandy,Food,30766.6
2022,10,Kandy,Transport,9669.44
2022,10,Kandy,Housing,44010.51
2022,10,Kandy,Healthcare,14538.47
2022,10,Kandy,Education,16767.29
2022,10,Kandy,Utilities,7192.93
2022,11,Kandy,Food,30958.93
2022,11,Kandy,Transport,10106.63
2022,11,Kandy,Housing,46417.61
2022,11,Kandy,Healthcare,14364.46
2022,11,Kandy,Education,17109.77
2022,11,Kandy,Utilities,7103.48
2022,12,Kandy,Food,31610.73
2022,12,Kandy,Transport,10411.58
2022,12,Kandy,Housing,47320.44
2022,12,Kandy,Healthcare,14904.57
2022,12,Kandy,Education,17007.77
2022,12,Kandy,Utilities,7350.43
2023,1,Kandy,Food,38501.04
2023,1,Kandy,Transport,11708.1
2023,1,Kandy,Housing,53147.12
2023,1,Kandy,Healthcare,17298.7
2023,1,Kandy,Education,20553.83
2023,1,Kandy,Utilities,8700.87
2023,2,Kandy,Food,37100.65
2023,2,Kandy,Transport,12279.29
2023,2,Kandy,Housing,54169.29
2023,2,Kandy,Healthcare,16888.63
2023,2,Kandy,Education,20267.12
2023,2,Kandy,Utilities,8780.9
2023,3,Kandy,Food,38446.13
2023,3,Kandy,Transport,12129.56
2023,3,Kandy,Housing,54903.78
2023,3,Kandy,Healthcare,17695.62
2023,3,Kandy,Education,20630.8
2023,3,Kandy,Utilities,8816.35
2023,4,Kandy,Food,37781.77
2023,4,Kandy,Transport,11976.45
2023,4,Kandy,Housing,55033.22
2023,4,Kandy,Healthcare,17031.06
2023,4,Kandy,Education,20991.06
2023,4,Kandy,Utilities,8619.65
2023,5,Kandy,Food,36911.65
2023,5,Kandy,Transport,12222.57
2023,5,Kandy,Housing,54186.26
2023,5,Kandy,Healthcare,17096.56
2023,5,Kandy,Education,20961.44
2023,5,Kandy,Utilities,8589.56
2023,6,Kandy,Food,36110.43
2023,6,Kandy,Transport,12070.35
2023,6,Kandy,Housing,54171.94
2023,6,Kandy,Healthcare,16633.58
2023,6,Kandy,Education,19723.66
2023,6,Kandy,Utilities,8548.19
2023,7,Kandy,Food,36667.88
2023,7,Kandy,Transport,11606.86
2023,7,Kandy,Housing,54205.08
2023,7,Kandy,Healthcare,16834.54
2023,7,Kandy,Education,19442.59
2023,7,Kandy,Utilities,8180.53
2023,8,Kandy,Food,35456.49
2023,8,Kandy,Transport,11622.12
2023,8,Kandy,Housing,50897.73
2023,8,Kandy,Healthcare,16432.14
2023,8,Kandy,Education,19945.45
2023,8,Kandy,Utilities,8366.72
2023,9,Kandy,Food,35511.51
2023,9,Kandy,Transport,11627.08
2023,9,Kandy,Housing,50928.93
2023,9,Kandy,Healthcare,16634.75
2023,9,Kandy,Education,19118.13
2023,9,Kandy,Utilities,8097.79
2023,10,Kandy,Food,36641.9
2023,10,Kandy,Transport,11213.87
2023,10,Kandy,Housing,51512.64
2023,10,Kandy,Healthcare,16581.73
2023,10,Kandy,Education,19895.47
2023,10,Kandy,Utilities,8251.05
2023,11,Kandy,Food,36829.25
2023,11,Kandy,Transport,11613.29
2023,11,Kandy,Housing,52165.01
2023,11,Kandy,Healthcare,16394.79
2023,11,Kandy,Education,19478.24
2023,11,Kandy,Utilities,8476.77
2023,12,Kandy,Food,37144.93
2023,12,Kandy,Transport,11690.04
2023,12,Kandy,Housing,53637.45
2023,12,Kandy,Healthcare,17250.86
2023,12,Kandy,Education,19740.69
2023,12,Kandy,Utilities,8443.46
2024,1,Kandy,Food,39091.31
2024,1,Kandy,Transport,12516.9
2024,1,Kandy,Housing,55196.56
2024,1,Kandy,Healthcare,18159.09
2024,1,Kandy,Education,21867.64
2024,1,Kandy,Utilities,8915.96
2024,2,Kandy,Food,39966.32
2024,2,Kandy,Transport,12886.87
2024,2,Kandy,Housing,58169.34
2024,2,Kandy,Healthcare,17580.35
2024,2,Kandy,Education,21644.22
2024,2,Kandy,Utilities,9034.81
2024,3,Kandy,Food,39474.48
2024,3,Kandy,Transport,12796.5
2024,3,Kandy,Housing,59183.26
2024,3,Kandy,Healthcare,18485.25
2024,3,Kandy,Education,21566.2
2024,3,Kandy,Utilities,8803.36
2024,4,Kandy,Food,40649.34
2024,4,Kandy,Transport,12823.83
2024,4,Kandy,Housing,56161.02
2024,4,Kandy,Healthcare,18408.03
2024,4,Kandy,Education,22023.77
2024,4,Kandy,Utilities,8987.48
2024,5,Kandy,Food,39291.51
2024,5,Kandy,Transport,12358.4
2024,5,Kandy,Housing,55321.56
2024,5,Kandy,Healthcare,17586.86
2024,5,Kandy,Education,21702.32
2024,5,Kandy,Utilities,8617.28
2024,6,Kandy,Food,38115.38
2024,6,Kandy,Transport,12175.15
2024,6,Kandy,Housing,56125.65
2024,6,Kandy,Healthcare,17940.85
2024,6,Kandy,Education,20806.4
2024,6,Kandy,Utilities,8669.65
2024,7,Kandy,Food,38462.9
2024,7,Kandy,Transport,12031.66
2024,7,Kandy,Housing,54248.55
2024,7,Kandy,Healthcare,17188.31
2024,7,Kandy,Education,20239.27
2024,7,Kandy,Utilities,8451.4
2024,8,Kandy,Food,37496.07
2024,8,Kandy,Transport,11873.69
2024,8,Kandy,Housing,55902.75
2024,8,Kandy,Healthcare,16904.6
2024,8,Kandy,Education,20553.31
2024,8,Kandy,Utilities,8590.3
2024,9,Kandy,Food,36253.99
2024,9,Kandy,Transport,11999.09
2024,9,Kandy,Housing,53270.65
2024,9,Kandy,Healthcare,17444.6
2024,9,Kandy,Education,19940.6
2024,9,Kandy,Utilities,8444.02
2024,10,Kandy,Food,36566.78
2024,10,Kandy,Transport,12287.45
2024,10,Kandy,Housing,54552.26
2024,10,Kandy,Healthcare,17142.89
2024,10,Kandy,Education,19923.09
2024,10,Kandy,Utilities,8650.49
2024,11,Kandy,Food,37262.43
2024,11,Kandy,Transport,12354.43
2024,11,Kandy,Housing,54184.13
2024,11,Kandy,Healthcare,16917.59
2024,11,Kandy,Education,20109.81
2024,11,Kandy,Utilities,8604.31
2024,12,Kandy,Food,38649.78
2024,12,Kandy,Transport,11930.8
2024,12,Kandy,Housing,56925.77
2024,12,Kandy,Healthcare,17450.95
2024,12,Kandy,Education,21030.73
2024,12,Kandy,Utilities,8718.9
2019,1,Galle,Food,21188.09
2019,1,Galle,Transport,6621.11
2019,1,Galle,Housing,27832.12
2019,1,Galle,Healthcare,8960.66
2019,1,Galle,Education,11407.36
2019,1,Galle,Utilities,5002.41
2019,2,Galle,Food,21381.82
2019,2,Galle,Transport,6577.14
2019,2,Galle,Housing,28975.67
2019,2,Galle,Healthcare,9183.26
2019,2,Galle,Education,10964.41
2019,2,Galle,Utilities,4823.11
2019,3,Galle,Food,21910.29
2019,3,Galle,Transport,6758.84
2019,3,Galle,Housing,28021.69
2019,3,Galle,Healthcare,9115.36
2019,3,Galle,Education,11147.18
2019,3,Galle,Utilities,4994.99
2019,4,Galle,Food,20924.71
2019,4,Galle,Transport,6510.47
2019,4,Galle,Housing,29244.41
2019,4,Galle,Healthcare,9055.73
2019,4,Galle,Education,11389.22
2019,4,Galle,Utilities,4847.35
2019,5,Galle,Food,20802.73
2019,5,Galle,Transport,6495.83
2019,5,Galle,Housing,28799.01
2019,5,Galle,Healthcare,9329.96
2019,5,Galle,Education,11386.21
2019,5,Galle,Utilities,4841.94
2019,6,Galle,Food,21211.79
2019,6,Galle,Transport,6384.94
2019,6,Galle,Housing,27652.49
2019,6,Galle,Healthcare,9214.02
2019,6,Galle,Education,10678.58
2019,6,Galle,Utilities,4680.63
2019,7,Galle,Food,20322.46
2019,7,Galle,Transport,6220.62
2019,7,Galle,Housing,27052.84
2019,7,Galle,Healthcare,8909.17
2019,7,Galle,Education,10783.92
2019,7,Galle,Utilities,4839.39
2019,8,Galle,Food,20843.99
2019,8,Galle,Transport,6271.04
2019,8,Galle,Housing,26878.87
2019,8,Galle,Healthcare,8702.89
2019,8,Galle,Education,10772.26
2019,8,Galle,Utilities,4610.23
2019,9,Galle,Food,20521.73
2019,9,Galle,Transport,6270.73
2019,9,Galle,Housing,27244.82
2019,9,Galle,Healthcare,8696.54
2019,9,Galle,Education,10538.42
2019,9,Galle,Utilities,4781.28
2019,10,Galle,Food,20777.92
2019,10,Galle,Transport,6194.42
2019,10,Galle,Housing,27875.48
2019,10,Galle,Healthcare,8759.56
2019,10,Galle,Education,10967.85
2019,10,Galle,Utilities,4759.41
2019,11,Galle,Food,20592.18
2019,11,Galle,Transport,6219.06
2019,11,Galle,Housing,27197.21
2019,11,Galle,Healthcare,8887.15
2019,11,Galle,Education,10921.77
2019,11,Galle,Utilities,4659.32
2019,12,Galle,Food,20545.59
2019,12,Galle,Transport,6630.62
2019,12,Galle,Housing,28813.8
2019,12,Galle,Healthcare,9013.87
2019,12,Galle,Education,10783.31
2019,12,Galle,Utilities,4734.42
2020,1,Galle,Food,21941.01
2020,1,Galle,Transport,7167.19
2020,1,Galle,Housing,29434.28
2020,1,Galle,Healthcare,9727.56
2020,1,Galle,Education,11674.46
2020,1,Galle,Utilities,5181.11
2020,2,Galle,Food,23045.82
2020,2,Galle,Transport,7208.86
2020,2,Galle,Housing,29914.72
2020,2,Galle,Healthcare,9500.68
2020,2,Galle,Education,11702.3
2020,2,Galle,Utilities,5345.48
2020,3,Galle,Food,23442.15
2020,3,Galle,Transport,7138.18
2020,3,Galle,Housing,30754.77
2020,3,Galle,Healthcare,9923.5
2020,3,Galle,Education,11775.88
2020,3,Galle,Utilities,5370.95
2020,4,Galle,Food,22727.02
2020,4,Galle,Transport,7019.44
2020,4,Galle,Housing,30485.67
2020,4,Galle,Healthcare,9521.8
2020,4,Galle,Education,11723.4
2020,4,Galle,Utilities,5294.74
2020,5,Galle,Food,22028.33
2020,5,Galle,Transport,7036.63
2020,5,Galle,Housing,29664.92
2020,5,Galle,Healthcare,9618.78
2020,5,Galle,Education,11684.85
2020,5,Galle,Utilities,5119.6
2020,6,Galle,Food,22552.56
2020,6,Galle,Transport,6806.13
2020,6,Galle,Housing,29798.25
2020,6,Galle,Healthcare,9526.29
2020,6,Galle,Education,11774.5
2020,6,Galle,Utilities,5221.36
2020,7,Galle,Food,22232.06
2020,7,Galle,Transport,6670.57
2020,7,Galle,Housing,28412.45
2020,7,Galle,Healthcare,9262.86
2020,7,Galle,Education,11550.62
2020,7,Galle,Utilities,4876.79
2020,8,Galle,Food,21676.94
2020,8,Galle,Transport,6749.99
2020,8,Galle,Housing,28621.38
2020,8,Galle,Healthcare,9443.18
2020,8,Galle,Education,11088.99
2020,8,Galle,Utilities,4829.48
2020,9,Galle,Food,21887.83
2020,9,Galle,Transport,6681.49
2020,9,Galle,Housing,29115.04
2020,9,Galle,Healthcare,9217.61
2020,9,Galle,Education,11138.11
2020,9,Galle,Utilities,5029.85
2020,10,Galle,Food,22071.18
2020,10,Galle,Transport,6789.39
2020,10,Galle,Housing,28513.67
2020,10,Galle,Healthcare,9342.45
2020,10,Galle,Education,11262.33
2020,10,Galle,Utilities,4834.37
2020,11,Galle,Food,22475.1
2020,11,Galle,Transport,6638.76
2020,11,Galle,Housing,30024.56
2020,11,Galle,Healthcare,9366.46
2020,11,Galle,Education,11268.12
2020,11,Galle,Utilities,5024.28
2020,12,Galle,Food,22758.11
2020,12,Galle,Transport,6986.0
2020,12,Galle,Housing,30225.92
2020,12,Galle,Healthcare,9630.89
2020,12,Galle,Education,11794.52
2020,12,Galle,Utilities,5194.6
2021,1,Galle,Food,23514.23
2021,1,Galle,Transport,7384.51
2021,1,Galle,Housing,31297.96
2021,1,Galle,Healthcare,10530.57
2021,1,Galle,Education,12837.97
2021,1,Galle,Utilities,5305.85
2021,2,Galle,Food,24428.71
2021,2,Galle,Transport,7659.71
2021,2,Galle,Housing,31558.11
2021,2,Galle,Healthcare,10384.05
2021,2,Galle,Education,12955.19
2021,2,Galle,Utilities,5361.44
2021,3,Galle,Food,24512.56
2021,3,Galle,Transport,7407.23
2021,3,Galle,Housing,33123.3
2021,3,Galle,Healthcare,10675.84
2021,3,Galle,Education,13027.85
2021,3,Galle,Utilities,5528.71
2021,4,Galle,Food,24655.26
2021,4,Galle,Transport,7623.55
2021,4,Galle,Housing,31825.53
2021,4,Galle,Healthcare,10545.98
2021,4,Galle,Education,12288.95
2021,4,Galle,Utilities,5547.53
2021,5,Galle,Food,23486.07
2021,5,Galle,Transport,7220.98
2021,5,Galle,Housing,31022.46
2021,5,Galle,Healthcare,10351.7
2021,5,Galle,Education,12384.66
2021,5,Galle,Utilities,5530.23
2021,6,Galle,Food,22906.63
2021,6,Galle,Transport,7199.32
2021,6,Galle,Housing,31434.31
2021,6,Galle,Healthcare,10255.83
2021,6,Galle,Education,12186.02
2021,6,Galle,Utilities,5416.61
2021,7,Galle,Food,23703.72
2021,7,Galle,Transport,7220.65
2021,7,Galle,Housing,30394.67
2021,7,Galle,Healthcare,9645.47
2021,7,Galle,Education,12404.67
2021,7,Galle,Utilities,5143.26
2021,8,Galle,Food,23423.97
2021,8,Galle,Transport,7103.17
2021,8,Galle,Housing,31349.93
2021,8,Galle,Healthcare,9994.12
2021,8,Galle,Education,12358.43
2021,8,Galle,Utilities,5189.42
2021,9,Galle,Food,23180.14
2021,9,Galle,Transport,7020.05
2021,9,Galle,Housing,30382.47
2021,9,Galle,Healthcare,9852.4
2021,9,Galle,Education,12218.34
2021,9,Galle,Utilities,5366.18
2021,10,Galle,Food,23277.68
2021,10,Galle,Transport,7055.87
2021,10,Galle,Housing,30401.11
2021,10,Galle,Healthcare,9958.07
2021,10,Galle,Education,11811.84
2021,10,Galle,Utilities,5113.95
2021,11,Galle,Food,22965.12
2021,11,Galle,Transport,7079.26
2021,11,Galle,Housing,30512.08
2021,11,Galle,Healthcare,9770.1
2021,11,Galle,Education,11801.79
2021,11,Galle,Utilities,5142.18
2021,12,Galle,Food,24208.27
2021,12,Galle,Transport,7248.45
2021,12,Galle,Housing,31142.35
2021,12,Galle,Healthcare,10188.65
2021,12,Galle,Education,12111.73
2021,12,Galle,Utilities,5521.14
2022,1,Galle,Food,31437.75
2022,1,Galle,Transport,9330.7
2022,1,Galle,Housing,41005.22
2022,1,Galle,Healthcare,13547.05
2022,1,Galle,Education,16621.24
2022,1,Galle,Utilities,7050.58
2022,2,Galle,Food,31453.7
2022,2,Galle,Transport,9476.68
2022,2,Galle,Housing,42882.39
2022,2,Galle,Healthcare,13173.49
2022,2,Galle,Education,16799.1
2022,2,Galle,Utilities,7204.94
2022,3,Galle,Food,31566.24
2022,3,Galle,Transport,9715.14
2022,3,Galle,Housing,41142.23
2022,3,Galle,Healthcare,13180.62
2022,3,Galle,Education,16152.98
2022,3,Galle,Utilities,7033.93
2022,4,Galle,Food,31765.19
2022,4,Galle,Transport,9582.91
2022,4,Galle,Housing,40549.74
2022,4,Galle,Healthcare,13765.9
2022,4,Galle,Education,16741.22
2022,4,Galle,Utilities,7324.1
2022,5,Galle,Food,31824.51
2022,5,Galle,Transport,9379.2
2022,5,Galle,Housing,40952.45
2022,5,Galle,Healthcare,13450.98
2022,5,Galle,Education,16379.66
2022,5,Galle,Utilities,6917.7
2022,6,Galle,Food,31027.03
2022,6,Galle,Transport,9269.17
2022,6,Galle,Housing,39927.22
2022,6,Galle,Healthcare,13078.95
2022,6,Galle,Education,16038.94
2022,6,Galle,Utilities,6993.44
2022,7,Galle,Food,29258.09
2022,7,Galle,Transport,9493.88
2022,7,Galle,Housing,39428.57
2022,7,Galle,Healthcare,12568.51
2022,7,Galle,Education,16077.2
2022,7,Galle,Utilities,7043.03
2022,8,Galle,Food,30303.3
2022,8,Galle,Transport,9350.62
2022,8,Galle,Housing,39913.53
2022,8,Galle,Healthcare,12749.74
2022,8,Galle,Education,15150.62
2022,8,Galle,Utilities,6741.94
2022,9,Galle,Food,29310.88
2022,9,Galle,Transport,9010.47
2022,9,Galle,Housing,39909.92
2022,9,Galle,Healthcare,12655.37
2022,9,Galle,Education,15082.59
2022,9,Galle,Utilities,6637.85
2022,10,Galle,Food,29985.0
2022,10,Galle,Transport,8946.66
2022,10,Galle,Housing,40378.49
2022,10,Galle,Healthcare,12707.25
2022,10,Galle,Education,15517.51
2022,10,Galle,Utilities,6816.76
2022,11,Galle,Food,30577.54
2022,11,Galle,Transport,9198.85
2022,11,Galle,Housing,40418.14
2022,11,Galle,Healthcare,12904.95
2022,11,Galle,Education,15491.14
2022,11,Galle,Utilities,7011.34
2022,12,Galle,Food,30993.4
2022,12,Galle,Transport,9514.6
2022,12,Galle,Housing,41454.02
2022,12,Galle,Healthcare,13337.59
2022,12,Galle,Education,16149.4
2022,12,Galle,Utilities,7100.74
2023,1,Galle,Food,36233.48
2023,1,Galle,Transport,11203.6
2023,1,Galle,Housing,48085.39
2023,1,Galle,Healthcare,15579.5
2023,1,Galle,Education,18372.98
2023,1,Galle,Utilities,8372.0
2023,2,Galle,Food,37004.17
2023,2,Galle,Transport,10887.26
2023,2,Galle,Housing,49205.61
2023,2,Galle,Healthcare,15167.39
2023,2,Galle,Education,18772.55
2023,2,Galle,Utilities,8394.39
2023,3,Galle,Food,35598.75
2023,3,Galle,Transport,11462.18
2023,3,Galle,Housing,49416.74
2023,3,Galle,Healthcare,15580.58
2023,3,Galle,Education,18470.66
2023,3,Galle,Utilities,8199.79
2023,4,Galle,Food,36450.54
2023,4,Galle,Transport,11527.17
2023,4,Galle,Housing,48643.83
2023,4,Galle,Healthcare,15289.26
2023,4,Galle,Education,19112.57
2023,4,Galle,Utilities,8293.36
2023,5,Galle,Food,36410.46
2023,5,Galle,Transport,10822.43
2023,5,Galle,Housing,48493.38
2023,5,Galle,Healthcare,15384.8
2023,5,Galle,Education,19278.27
2023,5,Galle,Utilities,8107.3
2023,6,Galle,Food,35560.73
2023,6,Galle,Transport,11203.06
2023,6,Galle,Housing,45918.12
2023,6,Galle,Healthcare,15516.65
2023,6,Galle,Education,18688.33
2023,6,Galle,Utilities,7854.9
2023,7,Galle,Food,34335.8
2023,7,Galle,Transport,10890.55
2023,7,Galle,Housing,45131.61
2023,7,Galle,Healthcare,14966.63
2023,7,Galle,Education,18034.48
2023,7,Galle,Utilities,8000.67
2023,8,Galle,Food,33426.81
2023,8,Galle,Transport,10873.4
2023,8,Galle,Housing,47119.52
2023,8,Galle,Healthcare,15141.49
2023,8,Galle,Education,18269.5
2023,8,Galle,Utilities,7680.16
2023,9,Galle,Food,34751.89
2023,9,Galle,Transport,10290.25
2023,9,Galle,Housing,44320.5
2023,9,Galle,Healthcare,14511.18
2023,9,Galle,Education,17913.39
2023,9,Galle,Utilities,7948.99
2023,10,Galle,Food,34741.32
2023,10,Galle,Transport,10601.77
2023,10,Galle,Housing,45195.55
2023,10,Galle,Healthcare,15166.45
2023,10,Galle,Education,17920.15
2023,10,Galle,Utilities,7831.58
2023,11,Galle,Food,34049.44
2023,11,Galle,Transport,10946.46
2023,11,Galle,Housing,46872.85
2023,11,Galle,Healthcare,14643.68
2023,11,Galle,Education,17746.69
2023,11,Galle,Utilities,8029.06
2023,12,Galle,Food,35607.07
2023,12,Galle,Transport,10771.44
2023,12,Galle,Housing,48312.52
2023,12,Galle,Healthcare,14803.44
2023,12,Galle,Education,18404.97
2023,12,Galle,Utilities,8278.64
2024,1,Galle,Food,37121.59
2024,1,Galle,Transport,11641.59
2024,1,Galle,Housing,49429.41
2024,1,Galle,Healthcare,15769.68
2024,1,Galle,Education,20106.13
2024,1,Galle,Utilities,8479.62
2024,2,Galle,Food,38596.36
2024,2,Galle,Transport,11481.44
2024,2,Galle,Housing,49407.67
2024,2,Galle,Healthcare,15704.61
2024,2,Galle,Education,19929.86
2024,2,Galle,Utilities,8550.25
2024,3,Galle,Food,38680.01
2024,3,Galle,Transport,11697.42
2024,3,Galle,Housing,51887.78
2024,3,Galle,Healthcare,15916.41
2024,3,Galle,Education,20266.03
2024,3,Galle,Utilities,8795.59
2024,4,Galle,Food,38317.7
2024,4,Galle,Transport,11911.96
2024,4,Galle,Housing,51060.41
2024,4,Galle,Healthcare,16281.57
2024,4,Galle,Education,19313.15
2024,4,Galle,Utilities,8376.51
2024,5,Galle,Food,38243.14
2024,5,Galle,Transport,11626.43
2024,5,Galle,Housing,50619.9
2024,5,Galle,Healthcare,15968.53
2024,5,Galle,Education,19090.11
2024,5,Galle,Utilities,8334.26
2024,6,Galle,Food,37159.17
2024,6,Galle,Transport,11327.43
2024,6,Galle,Housing,48119.54
2024,6,Galle,Healthcare,15742.06
2024,6,Galle,Education,18746.66
2024,6,Galle,Utilities,8441.31
2024,7,Galle,Food,35697.02
2024,7,Galle,Transport,11404.41
2024,7,Galle,Housing,47715.83
2024,7,Galle,Healthcare,15472.07
2024,7,Galle,Education,18405.63
2024,7,Galle,Utilities,8061.75
2024,8,Galle,Food,35564.31
2024,8,Galle,Transport,11066.13
2024,8,Galle,Housing,48013.36
2024,8,Galle,Healthcare,15149.04
2024,8,Galle,Education,18969.22
2024,8,Galle,Utilities,8358.55
2024,9,Galle,Food,36246.06
2024,9,Galle,Transport,10728.97
2024,9,Galle,Housing,47474.41
2024,9,Galle,Healthcare,14915.36
2024,9,Galle,Education,18383.5
2024,9,Galle,Utilities,8385.92
2024,10,Galle,Food,35027.39
2024,10,Galle,Transport,11078.73
2024,10,Galle,Housing,48065.3
2024,10,Galle,Healthcare,15527.16
2024,10,Galle,Education,18816.97
2024,10,Galle,Utilities,7941.11
2024,11,Galle,Food,35821.84
2024,11,Galle,Transport,11216.28
2024,11,Galle,Housing,47071.5
2024,11,Galle,Healthcare,15374.71
2024,11,Galle,Education,18430.19
2024,11,Galle,Utilities,8064.79
2024,12,Galle,Food,36522.72
2024,12,Galle,Transport,11124.33
2024,12,Galle,Housing,49198.57
2024,12,Galle,Healthcare,15929.04
2024,12,Galle,Education,19597.18
2024,12,Galle,Utilities,8248.88
2019,1,Jaffna,Food,19894.99
2019,1,Jaffna,Transport,5945.51
2019,1,Jaffna,Housing,25582.72
2019,1,Jaffna,Healthcare,8734.38
2019,1,Jaffna,Education,9864.74
2019,1,Jaffna,Utilities,4687.04
2019,2,Jaffna,Food,19968.01
2019,2,Jaffna,Transport,6171.14
2019,2,Jaffna,Housing,25971.26
2019,2,Jaffna,Healthcare,8914.95
2019,2,Jaffna,Education,10391.6
2019,2,Jaffna,Utilities,4700.5
2019,3,Jaffna,Food,20401.56
2019,3,Jaffna,Transport,6296.74
2019,3,Jaffna,Housing,25101.28
2019,3,Jaffna,Healthcare,8962.4
2019,3,Jaffna,Education,10329.41
2019,3,Jaffna,Utilities,4723.24
2019,4,Jaffna,Food,20460.91
2019,4,Jaffna,Transport,6208.92
2019,4,Jaffna,Housing,25690.15
2019,4,Jaffna,Healthcare,8842.02
2019,4,Jaffna,Education,10002.26
2019,4,Jaffna,Utilities,4495.12
2019,5,Jaffna,Food,19991.97
2019,5,Jaffna,Transport,5965.6
2019,5,Jaffna,Housing,25941.04
2019,5,Jaffna,Healthcare,8482.15
2019,5,Jaffna,Education,10439.8
2019,5,Jaffna,Utilities,4522.8
2019,6,Jaffna,Food,19618.54
2019,6,Jaffna,Transport,6104.29
2019,6,Jaffna,Housing,25238.06
2019,6,Jaffna,Healthcare,8499.08
2019,6,Jaffna,Education,10033.22
2019,6,Jaffna,Utilities,4559.18
2019,7,Jaffna,Food,19379.03
2019,7,Jaffna,Transport,6086.0
2019,7,Jaffna,Housing,25326.51
2019,7,Jaffna,Healthcare,8448.02
2019,7,Jaffna,Education,9672.43
2019,7,Jaffna,Utilities,4480.43
2019,8,Jaffna,Food,18980.36
2019,8,Jaffna,Transport,5679.54
2019,8,Jaffna,Housing,23996.45
2019,8,Jaffna,Healthcare,8260.6
2019,8,Jaffna,Education,9955.42
2019,8,Jaffna,Utilities,4442.83
2019,9,Jaffna,Food,19682.51
2019,9,Jaffna,Transport,5793.98
2019,9,Jaffna,Housing,24025.84
2019,9,Jaffna,Healthcare,8181.2
2019,9,Jaffna,Education,9983.81
2019,9,Jaffna,Utilities,4244.55
2019,10,Jaffna,Food,19909.38
2019,10,Jaffna,Transport,5871.7
2019,10,Jaffna,Housing,24260.8
2019,10,Jaffna,Healthcare,8391.06
2019,10,Jaffna,Education,9732.4
2019,10,Jaffna,Utilities,4481.29
2019,11,Jaffna,Food,20173.63
2019,11,Jaffna,Transport,5882.24
2019,11,Jaffna,Housing,24295.26
2019,11,Jaffna,Healthcare,8418.89
2019,11,Jaffna,Education,10093.71
2019,11,Jaffna,Utilities,4355.55
2019,12,Jaffna,Food,20147.56
2019,12,Jaffna,Transport,6047.36
2019,12,Jaffna,Housing,25349.67
2019,12,Jaffna,Healthcare,8312.1
2019,12,Jaffna,Education,10129.49
2019,12,Jaffna,Utilities,4610.44
2020,1,Jaffna,Food,21104.45
2020,1,Jaffna,Transport,6353.74
2020,1,Jaffna,Housing,27658.26
2020,1,Jaffna,Healthcare,8970.1
2020,1,Jaffna,Education,10987.77
2020,1,Jaffna,Utilities,4839.31
2020,2,Jaffna,Food,21420.92
2020,2,Jaffna,Transport,6670.39
2020,2,Jaffna,Housing,27099.27
2020,2,Jaffna,Healthcare,9252.31
2020,2,Jaffna,Education,10783.54
2020,2,Jaffna,Utilities,4921.22
2020,3,Jaffna,Food,21395.16
2020,3,Jaffna,Transport,6507.99
2020,3,Jaffna,Housing,28063.76
2020,3,Jaffna,Healthcare,9145.62
2020,3,Jaffna,Education,11020.68
2020,3,Jaffna,Utilities,4861.57
2020,4,Jaffna,Food,22107.69
2020,4,Jaffna,Transport,6380.72
2020,4,Jaffna,Housing,27954.91
2020,4,Jaffna,Healthcare,9218.46
2020,4,Jaffna,Education,10703.16
2020,4,Jaffna,Utilities,4768.69
2020,5,Jaffna,Food,21091.63
2020,5,Jaffna,Transport,6463.06
2020,5,Jaffna,Housing,26634.45
2020,5,Jaffna,Healthcare,9325.61
2020,5,Jaffna,Education,10714.39
2020,5,Jaffna,Utilities,4768.55
2020,6,Jaffna,Food,21349.01
2020,6,Jaffna,Transport,6438.91
2020,6,Jaffna,Housing,25970.6
2020,6,Jaffna,Healthcare,8830.31
2020,6,Jaffna,Education,10305.32
2020,6,Jaffna,Utilities,4837.66
2020,7,Jaffna,Food,21087.23
2020,7,Jaffna,Transport,6255.06
2020,7,Jaffna,Housing,26641.52
2020,7,Jaffna,Healthcare,9037.62
2020,7,Jaffna,Education,10494.47
2020,7,Jaffna,Utilities,4802.27
2020,8,Jaffna,Food,20284.76
2020,8,Jaffna,Transport,6050.52
2020,8,Jaffna,Housing,25454.92
2020,8,Jaffna,Healthcare,8542.7
2020,8,Jaffna,Education,10343.91
2020,8,Jaffna,Utilities,4767.78
2020,9,Jaffna,Food,19995.62
2020,9,Jaffna,Transport,6029.32
2020,9,Jaffna,Housing,25631.28
2020,9,Jaffna,Healthcare,8967.22
2020,9,Jaffna,Education,10168.58
2020,9,Jaffna,Utilities,4628.91
2020,10,Jaffna,Food,20081.24
2020,10,Jaffna,Transport,6064.06
2020,10,Jaffna,Housing,26565.15
2020,10,Jaffna,Healthcare,9020.82
2020,10,Jaffna,Education,10017.93
2020,10,Jaffna,Utilities,4772.02
2020,11,Jaffna,Food,21056.31
2020,11,Jaffna,Transport,6402.89
2020,11,Jaffna,Housing,26031.62
2020,11,Jaffna,Healthcare,8883.15
2020,11,Jaffna,Education,10434.01
2020,11,Jaffna,Utilities,4745.49
2020,12,Jaffna,Food,20741.64
2020,12,Jaffna,Transport,6180.64
2020,12,Jaffna,Housing,26194.61
2020,12,Jaffna,Healthcare,9120.65
2020,12,Jaffna,Education,10410.38
2020,12,Jaffna,Utilities,4819.64
2021,1,Jaffna,Food,23377.04
2021,1,Jaffna,Transport,6654.6
2021,1,Jaffna,Housing,28714.32
2021,1,Jaffna,Healthcare,9630.19
2021,1,Jaffna,Education,11619.1
2021,1,Jaffna,Utilities,5016.51
2021,2,Jaffna,Food,23247.58
2021,2,Jaffna,Transport,7034.46
2021,2,Jaffna,Housing,29493.82
2021,2,Jaffna,Healthcare,9874.73
2021,2,Jaffna,Education,11489.04
2021,2,Jaffna,Utilities,5207.51
2021,3,Jaffna,Food,23582.68
2021,3,Jaffna,Transport,6950.92
2021,3,Jaffna,Housing,28027.38
2021,3,Jaffna,Healthcare,10059.14
2021,3,Jaffna,Education,11667.18
2021,3,Jaffna,Utilities,5246.18
2021,4,Jaffna,Food,22589.91
2021,4,Jaffna,Transport,6960.32
2021,4,Jaffna,Housing,28544.52
2021,4,Jaffna,Healthcare,9855.97
2021,4,Jaffna,Education,11219.75
2021,4,Jaffna,Utilities,5219.92
2021,5,Jaffna,Food,23417.28
2021,5,Jaffna,Transport,6635.91
2021,5,Jaffna,Housing,29233.68
2021,5,Jaffna,Healthcare,9608.83
2021,5,Jaffna,Education,11620.88
2021,5,Jaffna,Utilities,5202.27
2021,6,Jaffna,Food,22490.07
2021,6,Jaffna,Transport,6816.14
2021,6,Jaffna,Housing,28635.91
2021,6,Jaffna,Healthcare,9465.24
2021,6,Jaffna,Education,11083.77
2021,6,Jaffna,Utilities,5090.68
2021,7,Jaffna,Food,22471.54
2021,7,Jaffna,Transport,6723.37
2021,7,Jaffna,Housing,28072.82
2021,7,Jaffna,Healthcare,9340.96
2021,7,Jaffna,Education,11242.38
2021,7,Jaffna,Utilities,4851.27
2021,8,Jaffna,Food,21876.27
2021,8,Jaffna,Transport,6351.31
2021,8,Jaffna,Housing,26985.5
2021,8,Jaffna,Healthcare,9198.37
2021,8,Jaffna,Education,10841.06
2021,8,Jaffna,Utilities,4966.63
2021,9,Jaffna,Food,21582.72
2021,9,Jaffna,Transport,6498.33
2021,9,Jaffna,Housing,26732.3
2021,9,Jaffna,Healthcare,9164.17
2021,9,Jaffna,Education,10686.22
2021,9,Jaffna,Utilities,4763.61
2021,10,Jaffna,Food,21953.45
2021,10,Jaffna,Transport,6611.47
2021,10,Jaffna,Housing,27468.07
2021,10,Jaffna,Healthcare,9252.35
2021,10,Jaffna,Education,10830.33
2021,10,Jaffna,Utilities,5016.07
2021,11,Jaffna,Food,22089.26
2021,11,Jaffna,Transport,6610.93
2021,11,Jaffna,Housing,26795.03
2021,11,Jaffna,Healthcare,9287.88
2021,11,Jaffna,Education,10952.7
2021,11,Jaffna,Utilities,4934.26
2021,12,Jaffna,Food,22507.75
2021,12,Jaffna,Transport,6733.55
2021,12,Jaffna,Housing,28181.28
2021,12,Jaffna,Healthcare,9671.3
2021,12,Jaffna,Education,11410.33
2021,12,Jaffna,Utilities,5105.96
2022,1,Jaffna,Food,30239.5
2022,1,Jaffna,Transport,8575.25
2022,1,Jaffna,Housing,36122.14
2022,1,Jaffna,Healthcare,12140.26
2022,1,Jaffna,Education,14847.73
2022,1,Jaffna,Utilities,6781.04
2022,2,Jaffna,Food,29295.51
2022,2,Jaffna,Transport,9154.74
2022,2,Jaffna,Housing,36210.54
2022,2,Jaffna,Healthcare,12974.83
2022,2,Jaffna,Education,14744.28
2022,2,Jaffna,Utilities,6534.43
2022,3,Jaffna,Food,29844.68
2022,3,Jaffna,Transport,8830.23
2022,3,Jaffna,Housing,36855.56
2022,3,Jaffna,Healthcare,12547.97
2022,3,Jaffna,Education,15206.54
2022,3,Jaffna,Utilities,6736.54
2022,4,Jaffna,Food,29416.59
2022,4,Jaffna,Transport,8985.12
2022,4,Jaffna,Housing,37674.14
2022,4,Jaffna,Healthcare,12472.7
2022,4,Jaffna,Education,14799.55
2022,4,Jaffna,Utilities,6542.65
2022,5,Jaffna,Food,28871.88
2022,5,Jaffna,Transport,8926.46
2022,5,Jaffna,Housing,36090.49
2022,5,Jaffna,Healthcare,12528.76
2022,5,Jaffna,Education,14902.1
2022,5,Jaffna,Utilities,6466.66
2022,6,Jaffna,Food,29117.12
2022,6,Jaffna,Transport,8572.93
2022,6,Jaffna,Housing,37256.87
2022,6,Jaffna,Healthcare,12312.83
2022,6,Jaffna,Education,14766.21
2022,6,Jaffna,Utilities,6544.66
2022,7,Jaffna,Food,27782.45
2022,7,Jaffna,Transport,8637.96
2022,7,Jaffna,Housing,36673.33
2022,7,Jaffna,Healthcare,12214.14
2022,7,Jaffna,Education,14556.03
2022,7,Jaffna,Utilities,6575.29
2022,8,Jaffna,Food,27785.71
2022,8,Jaffna,Transport,8327.56
2022,8,Jaffna,Housing,35543.31
2022,8,Jaffna,Healthcare,11940.7
2022,8,Jaffna,Education,14411.28
2022,8,Jaffna,Utilities,6508.02
2022,9,Jaffna,Food,27882.6
2022,9,Jaffna,Transport,8305.77
2022,9,Jaffna,Housing,35754.34
2022,9,Jaffna,Healthcare,11793.71
2022,9,Jaffna,Education,14337.25
2022,9,Jaffna,Utilities,6300.29
2022,10,Jaffna,Food,28530.52
2022,10,Jaffna,Transport,8268.32
2022,10,Jaffna,Housing,35570.59
2022,10,Jaffna,Healthcare,11970.05
2022,10,Jaffna,Education,14196.67
2022,10,Jaffna,Utilities,6228.88
2022,11,Jaffna,Food,28970.98
2022,11,Jaffna,Transport,8756.04
2022,11,Jaffna,Housing,35099.4
2022,11,Jaffna,Healthcare,11845.64
2022,11,Jaffna,Education,13874.28
2022,11,Jaffna,Utilities,6481.87
2022,12,Jaffna,Food,29186.34
2022,12,Jaffna,Transport,8724.38
2022,12,Jaffna,Housing,35666.98
2022,12,Jaffna,Healthcare,12244.32
2022,12,Jaffna,Education,14582.19
2022,12,Jaffna,Utilities,6523.73
2023,1,Jaffna,Food,35102.13
2023,1,Jaffna,Transport,10008.02
2023,1,Jaffna,Housing,43129.14
2023,1,Jaffna,Healthcare,14410.99
2023,1,Jaffna,Education,16978.54
2023,1,Jaffna,Utilities,7773.58
2023,2,Jaffna,Food,34870.98
2023,2,Jaffna,Transport,10646.72
2023,2,Jaffna,Housing,42130.42
2023,2,Jaffna,Healthcare,14302.99
2023,2,Jaffna,Education,17468.49
2023,2,Jaffna,Utilities,7792.89
2023,3,Jaffna,Food,34139.05
2023,3,Jaffna,Transport,10120.4
2023,3,Jaffna,Housing,42184.53
2023,3,Jaffna,Healthcare,15056.28
2023,3,Jaffna,Education,16984.08
2023,3,Jaffna,Utilities,7704.28
2023,4,Jaffna,Food,33907.58
2023,4,Jaffna,Transport,10251.91
2023,4,Jaffna,Housing,41977.95
2023,4,Jaffna,Healthcare,14667.76
2023,4,Jaffna,Education,16789.31
2023,4,Jaffna,Utilities,7896.2
2023,5,Jaffna,Food,33559.11
2023,5,Jaffna,Transport,10255.76
2023,5,Jaffna,Housing,43602.17
2023,5,Jaffna,Healthcare,14625.41
2023,5,Jaffna,Education,17085.72
2023,5,Jaffna,Utilities,7592.52
2023,6,Jaffna,Food,33263.33
2023,6,Jaffna,Transport,10182.51
2023,6,Jaffna,Housing,43245.23
2023,6,Jaffna,Healthcare,14418.66
2023,6,Jaffna,Education,16858.25
2023,6,Jaffna,Utilities,7664.62
2023,7,Jaffna,Food,33026.91
2023,7,Jaffna,Transport,9666.76
2023,7,Jaffna,Housing,41524.63
2023,7,Jaffna,Healthcare,14452.01
2023,7,Jaffna,Education,16225.61
2023,7,Jaffna,Utilities,7531.49
2023,8,Jaffna,Food,32139.79
2023,8,Jaffna,Transport,9839.22
2023,8,Jaffna,Housing,39918.84
2023,8,Jaffna,Healthcare,13867.58
2023,8,Jaffna,Education,16615.03
2023,8,Jaffna,Utilities,7296.24
2023,9,Jaffna,Food,32914.49
2023,9,Jaffna,Transport,9950.93
2023,9,Jaffna,Housing,41784.19
2023,9,Jaffna,Healthcare,13631.06
2023,9,Jaffna,Education,16197.56
2023,9,Jaffna,Utilities,7180.27
2023,10,Jaffna,Food,33694.1
2023,10,Jaffna,Transport,10069.65
2023,10,Jaffna,Housing,41006.88
2023,10,Jaffna,Healthcare,14194.44
2023,10,Jaffna,Education,16384.1
2023,10,Jaffna,Utilities,7418.19
2023,11,Jaffna,Food,32280.1
2023,11,Jaffna,Transport,10080.87
2023,11,Jaffna,Housing,40445.91
2023,11,Jaffna,Healthcare,14340.98
2023,11,Jaffna,Education,16828.02
2023,11,Jaffna,Utilities,7539.87
2023,12,Jaffna,Food,32664.9
2023,12,Jaffna,Transport,9960.93
2023,12,Jaffna,Housing,41403.04
2023,12,Jaffna,Healthcare,14160.16
2023,12,Jaffna,Education,16384.34
2023,12,Jaffna,Utilities,7758.2
2024,1,Jaffna,Food,35639.68
2024,1,Jaffna,Transport,10533.14
2024,1,Jaffna,Housing,44131.77
2024,1,Jaffna,Healthcare,15050.3
2024,1,Jaffna,Education,17869.71
2024,1,Jaffna,Utilities,8000.64
2024,2,Jaffna,Food,36812.93
2024,2,Jaffna,Transport,10770.84
2024,2,Jaffna,Housing,46212.14
2024,2,Jaffna,Healthcare,15583.26
2024,2,Jaffna,Education,17640.65
2024,2,Jaffna,Utilities,8288.34
2024,3,Jaffna,Food,35220.2
2024,3,Jaffna,Transport,11020.99
2024,3,Jaffna,Housing,44739.74
2024,3,Jaffna,Healthcare,15668.71
2024,3,Jaffna,Education,18423.05
2024,3,Jaffna,Utilities,8260.14
2024,4,Jaffna,Food,36534.21
2024,4,Jaffna,Transport,10646.55
2024,4,Jaffna,Housing,43757.99
2024,4,Jaffna,Healthcare,15172.62
2024,4,Jaffna,Education,17602.96
2024,4,Jaffna,Utilities,8174.11
2024,5,Jaffna,Food,35196.96
2024,5,Jaffna,Transport,10961.63
2024,5,Jaffna,Housing,44781.85
2024,5,Jaffna,Healthcare,15390.26
2024,5,Jaffna,Education,17370.86
2024,5,Jaffna,Utilities,8166.74
2024,6,Jaffna,Food,35887.79
2024,6,Jaffna,Transport,10491.85
2024,6,Jaffna,Housing,44028.91
2024,6,Jaffna,Healthcare,15111.34
2024,6,Jaffna,Education,17158.58
2024,6,Jaffna,Utilities,7876.21
2024,7,Jaffna,Food,34265.38
2024,7,Jaffna,Transport,10123.06
2024,7,Jaffna,Housing,42751.24
2024,7,Jaffna,Healthcare,14272.25
2024,7,Jaffna,Education,16747.07
2024,7,Jaffna,Utilities,7587.08
2024,8,Jaffna,Food,35037.95
2024,8,Jaffna,Transport,10257.59
2024,8,Jaffna,Housing,43804.36
2024,8,Jaffna,Healthcare,14429.86
2024,8,Jaffna,Education,16852.88
2024,8,Jaffna,Utilities,7673.23
2024,9,Jaffna,Food,33826.79
2024,9,Jaffna,Transport,9944.02
2024,9,Jaffna,Housing,42796.08
2024,9,Jaffna,Healthcare,14182.92
2024,9,Jaffna,Education,17096.8
2024,9,Jaffna,Utilities,7707.59
2024,10,Jaffna,Food,33378.91
2024,10,Jaffna,Transport,9958.03
2024,10,Jaffna,Housing,43331.19
2024,10,Jaffna,Healthcare,14453.59
2024,10,Jaffna,Education,16593.46
2024,10,Jaffna,Utilities,7898.15
2024,11,Jaffna,Food,33560.27
2024,11,Jaffna,Transport,10463.53
2024,11,Jaffna,Housing,44344.36
2024,11,Jaffna,Healthcare,14422.58
2024,11,Jaffna,Education,16867.5
2024,11,Jaffna,Utilities,7580.66
2024,12,Jaffna,Food,34586.88
2024,12,Jaffna,Transport,10248.66
2024,12,Jaffna,Housing,44254.42
2024,12,Jaffna,Healthcare,14484.35
2024,12,Jaffna,Education,17509.89
2024,12,Jaffna,Utilities,8109.69
